Date,Category,Amount,Description
01-09-2026,Food,120,Breakfast
01-09-2026,Travel,80,Auto Fare
02-09-2026,Food,180,Lunch
02-09-2026,Education,250,Study Materials
03-09-2026,Travel,60,Bus Fare
03-09-2026,Entertainment,150,Movie
04-09-2026,Food,140,Dinner
05-09-2026,Shopping,450,Clothes
06-09-2026,Food,110,Breakfast
07-09-2026,Education,300,Online Course
08-09-2026,Travel,70,Bus Fare
09-09-2026,Shopping,220,Stationery
10-09-2026,Food,130,Dinner
11-09-2026,Travel,90,Auto Fare
12-09-2026,Food,170,Lunch
13-09-2026,Education,180,Books
14-09-2026,Shopping,350,Accessories
15-09-2026,Food,125,Breakfast
16-09-2026,Travel,80,Bus Fare
17-09-2026,Entertainment,120,Cafe
18-09-2026,Food,190,Dinner
19-09-2026,Education,400,Programming Course
20-09-2026,Travel,100,Auto Fare
21-09-2026,Shopping,280,Clothes
22-09-2026,Food,150,Lunch
23-09-2026,Entertainment,180,Movie
24-09-2026,Travel,75,Bus Fare
25-09-2026,Food,160,Dinner
26-09-2026,Education,250,Books
27-09-2026,Shopping,200,Stationery
28-09-2026,Food,130,Breakfast
29-09-2026,Travel,90,Auto Fare
30-09-2026,Entertainment,150,Cafe